OBJECTID,EVENT_UNIQUE_ID,OCC_DATE,OCC_YEAR,OCC_MONTH,OCC_DAY,OCC_DOW,HOMICIDE_TYPE,NEIGHBOURHOOD_158
780,GO-201620700,2016.01.04,2016,January,4,Monday,Shooting,Taylor-Massey
781,GO-201698593,2016.01.17,2016,January,17,Sunday,Other,Newtonbrook East
782,GO-2016108786,2016.01.19,2016,January,19,Tuesday,Shooting,New Toronto
783,GO-2016120610,2016.01.20,2016,January,20,Wednesday,Shooting,L'Amoreaux West
784,GO-2016119350,2016.01.20,2016,January,20,Wednesday,Shooting,Princess-Rosethorn
785,GO-2016139786,2016.01.24,2016,January,24,Sunday,Shooting,Bendale-Glen Andrew
786,GO-2016173014,2016.01.29,2016,January,29,Friday,Shooting,Yorkdale-Glen Park
787,GO-2016175803,2016.01.30,2016,January,30,Saturday,Other,Mount Olive-Silverstone-Jamestown
788,GO-2016181573,2016.01.31,2016,January,31,Sunday,Shooting,Kensington-Chinatown
789,GO-2016181573,2016.01.31,2016,January,31,Sunday,Shooting,Kensington-Chinatown
790,GO-2016204501,2016.02.03,2016,February,3,Wednesday,Stabbing,Etobicoke West Mall
791,GO-2016215657,2016.02.05,2016,February,5,Friday,Other,Malvern East
792,GO-2016215657,2016.02.05,2016,February,5,Friday,Other,Malvern East
793,GO-2016215657,2016.02.05,2016,February,5,Friday,Other,Malvern East
794,GO-2016215657,2016.02.05,2016,February,5,Friday,Other,Malvern East
795,GO-2016225259,2016.02.07,2016,February,7,Sunday,Other,Victoria Village
796,GO-2016235777,2016.02.09,2016,February,9,Tuesday,Stabbing,Brookhaven-Amesbury
797,GO-2016317425,2016.02.22,2016,February,22,Monday,Other,Scarborough Village
798,GO-2016345475,2016.02.27,2016,February,27,Saturday,Stabbing,Clairlea-Birchmount
799,GO-2016354140,2016.02.28,2016,February,28,Sunday,Shooting,Humber Heights-Westmount
800,GO-2016359352,2016.02.29,2016,February,29,Monday,Shooting,Scarborough Village
801,GO-2016265129,2016.03.04,2016,March,4,Friday,Other,Kensington-Chinatown
802,GO-2016481311,2016.03.20,2016,March,20,Sunday,Shooting,East L'Amoreaux
803,GO-2016491854,2016.03.22,2016,March,22,Tuesday,Other,Pelmo Park-Humberlea
804,GO-2016500861,2016.03.23,2016,March,23,Wednesday,Shooting,South Riverdale
805,GO-2016556458,2016.04.02,2016,April,2,Saturday,Shooting,Regent Park
806,GO-2016602150,2016.04.09,2016,April,9,Saturday,Other,York University Heights
807,GO-2016630918,2016.04.13,2016,April,13,Wednesday,Shooting,Church-Wellesley
808,GO-2016632371,2016.04.14,2016,April,14,Thursday,Shooting,Mimico-Queensway
809,GO-2016652097,2016.04.17,2016,April,17,Sunday,Shooting,Danforth
810,GO-2016656231,2016.04.17,2016,April,17,Sunday,Other,Weston
811,GO-2016666749,2016.04.19,2016,April,19,Tuesday,Other,North Riverdale
812,GO-2018104863,2016.04.22,2016,April,22,Friday,Other,Thorncliffe Park
813,GO-2016734521,2016.04.29,2016,April,29,Friday,Shooting,Wexford/Maryvale
814,GO-2016734521,2016.04.29,2016,April,29,Friday,Shooting,Wexford/Maryvale
815,GO-2016838159,2016.05.15,2016,May,15,Sunday,Shooting,Mount Olive-Silverstone-Jamestown
816,GO-2016838159,2016.05.15,2016,May,15,Sunday,Shooting,Mount Olive-Silverstone-Jamestown
817,GO-2016851941,2016.05.18,2016,May,18,Wednesday,Other,Church-Wellesley
818,GO-2016965196,2016.06.03,2016,June,3,Friday,Shooting,Humbermede
819,GO-2016989870,2016.06.07,2016,June,7,Tuesday,Shooting,South Eglinton-Davisville
820,GO-20161148938,2016.07.01,2016,July,1,Friday,Shooting,Kensington-Chinatown
821,GO-20161148938,2016.07.01,2016,July,1,Friday,Shooting,Kensington-Chinatown
822,GO-20161116247,2016.07.03,2016,July,3,Sunday,Other,Little Portugal
823,GO-20161229465,2016.07.13,2016,July,13,Wednesday,Shooting,Oakdale-Beverley Heights
824,GO-20161263080,2016.07.18,2016,July,18,Monday,Other,Downtown Yonge East
825,GO-20161329227,2016.07.28,2016,July,28,Thursday,Shooting,Bendale South
826,GO-20161335085,2016.07.29,2016,July,29,Friday,Stabbing,Church-Wellesley
827,GO-20161403032,2016.08.09,2016,August,9,Tuesday,Other,Blake-Jones
828,GO-20161443064,2016.08.15,2016,August,15,Monday,Other,Moss Park
829,GO-20161480338,2016.08.21,2016,August,21,Sunday,Shooting,West Queen West
830,GO-20161506128,2016.08.25,2016,August,25,Thursday,Other,Scarborough Village
831,GO-20161506128,2016.08.25,2016,August,25,Thursday,Other,Scarborough Village
832,GO-20161506128,2016.08.25,2016,August,25,Thursday,Other,Scarborough Village
833,GO-20161520715,2016.08.27,2016,August,27,Saturday,Shooting,South Riverdale
834,GO-20161613172,2016.09.11,2016,September,11,Sunday,Shooting,South Parkdale
835,GO-20161625137,2016.09.13,2016,September,13,Tuesday,Stabbing,York University Heights
836,GO-20161688118,2016.09.21,2016,September,21,Wednesday,Other,Weston-Pelham Park
837,GO-20161696689,2016.09.23,2016,September,23,Friday,Stabbing,Bendale-Glen Andrew
838,GO-20161743137,2016.09.30,2016,September,30,Friday,Shooting,West Humber-Clairville
839,GO-20161838374,2016.10.16,2016,October,16,Sunday,Shooting,Weston
840,GO-20161855287,2016.10.18,2016,October,18,Tuesday,Shooting,West Humber-Clairville
841,GO-20161888229,2016.10.24,2016,October,24,Monday,Shooting,Kingsview Village-The Westway
842,GO-20161907779,2016.10.27,2016,October,27,Thursday,Shooting,Golfdale-Cedarbrae-Woburn
843,GO-20161966289,2016.11.05,2016,November,5,Saturday,Other,Trinity-Bellwoods
844,GO-20162051533,2016.11.18,2016,November,18,Friday,Shooting,Victoria Village
845,GO-20162055725,2016.11.19,2016,November,19,Saturday,Shooting,Black Creek
846,GO-20162106299,2016.11.27,2016,November,27,Sunday,Shooting,South Riverdale
847,GO-20162138470,2016.12.03,2016,December,3,Saturday,Other,Clanton Park
848,GO-20162148586,2016.12.04,2016,December,4,Sunday,Stabbing,Glenfield-Jane Heights
849,GO-20162172757,2016.12.07,2016,December,7,Wednesday,Shooting,Old East York
850,GO-20162210973,2016.12.14,2016,December,14,Wednesday,Shooting,Scarborough Village
851,GO-20162229166,2016.12.16,2016,December,16,Friday,Stabbing,Dufferin Grove
852,GO-20162233489,2016.12.17,2016,December,17,Saturday,Shooting,Weston
853,GO-20162242930,2016.12.18,2016,December,18,Sunday,Shooting,Kingsview Village-The Westway
854,GO-20162276833,2016.12.24,2016,December,24,Saturday,Stabbing,Moss Park
855,GO-201743106,2017.01.08,2017,January,8,Sunday,Shooting,Moss Park
856,GO-2017137133,2017.01.23,2017,January,23,Monday,Shooting,Humber Summit
857,GO-2017163412,2017.01.26,2017,January,26,Thursday,Other,Mimico-Queensway
858,GO-2017189239,2017.01.30,2017,January,30,Monday,Shooting,Regent Park
859,GO-2017186988,2017.01.30,2017,January,30,Monday,Shooting,Moss Park
860,GO-2017202856,2017.02.01,2017,February,1,Wednesday,Shooting,Glenfield-Jane Heights
861,GO-2017222142,2017.02.05,2017,February,5,Sunday,Shooting,Danforth
862,GO-2017233897,2017.02.06,2017,February,6,Monday,Other,Willowdale West
863,GO-2017233559,2017.02.06,2017,February,6,Monday,Shooting,Elms-Old Rexdale
864,GO-2017291986,2017.02.16,2017,February,16,Thursday,Other,O'Connor-Parkview
865,GO-2017352942,2017.02.25,2017,February,25,Saturday,Shooting,Thorncliffe Park
866,GO-2017402242,2017.03.04,2017,March,4,Saturday,Other,North Riverdale
867,GO-2017468897,2017.03.16,2017,March,16,Thursday,Shooting,Morningside Heights
868,GO-2017486409,2017.03.18,2017,March,18,Saturday,Shooting,Taylor-Massey
869,GO-2017564412,2017.03.31,2017,March,31,Friday,Shooting,Humber Heights-Westmount
870,GO-2017662074,2017.04.14,2017,April,14,Friday,Shooting,L'Amoreaux West
871,GO-2017674351,2017.04.14,2017,April,14,Friday,Shooting,South Riverdale
872,GO-2017703097,2017.04.21,2017,April,21,Friday,Shooting,Briar Hill-Belgravia
873,GO-2017904599,2017.05.22,2017,May,22,Monday,Shooting,South Riverdale
874,GO-2017904599,2017.05.22,2017,May,22,Monday,Other,South Riverdale
875,GO-20171007434,2017.06.07,2017,June,7,Wednesday,Other,Keelesdale-Eglinton West
876,GO-20171035511,2017.06.11,2017,June,11,Sunday,Shooting,Humbermede
877,GO-20171118832,2017.06.23,2017,June,23,Friday,Stabbing,Junction-Wallace Emerson
878,GO-20171184598,2017.07.02,2017,July,2,Sunday,Shooting,Regent Park
879,GO-20171319697,2017.07.23,2017,July,23,Sunday,Shooting,Morningside Heights
880,GO-20171319697,2017.07.23,2017,July,23,Sunday,Shooting,Morningside Heights
881,GO-20171323827,2017.07.23,2017,July,23,Sunday,Shooting,Malvern East
882,GO-20171371751,2017.07.30,2017,July,30,Sunday,Shooting,Yorkdale-Glen Park
883,GO-20171378728,2017.07.31,2017,July,31,Monday,Shooting,Moss Park
884,GO-20171377317,2017.07.31,2017,July,31,Monday,Stabbing,Broadview North
885,GO-20171379055,2017.08.01,2017,August,1,Tuesday,Shooting,Humewood-Cedarvale
886,GO-20171499040,2017.08.17,2017,August,17,Thursday,Stabbing,York University Heights
887,GO-20171503946,2017.08.20,2017,August,20,Sunday,Shooting,University
888,GO-20171516247,2017.08.22,2017,August,22,Tuesday,Stabbing,Glenfield-Jane Heights
889,GO-20171578601,2017.08.31,2017,August,31,Thursday,Shooting,Oakdale-Beverley Heights
890,GO-20171592166,2017.09.02,2017,September,2,Saturday,Shooting,Elms-Old Rexdale
891,GO-20171593482,2017.09.06,2017,September,6,Wednesday,Stabbing,Eglinton East
892,GO-20171640198,2017.09.10,2017,September,10,Sunday,Stabbing,Birchcliffe-Cliffside
893,GO-20171661261,2017.09.13,2017,September,13,Wednesday,Stabbing,Henry Farm
894,GO-20171663919,2017.09.14,2017,September,14,Thursday,Shooting,Dorset Park
895,GO-20171682920,2017.09.16,2017,September,16,Saturday,Shooting,Wellington Place
896,GO-20171677843,2017.09.16,2017,September,16,Saturday,Shooting,Regent Park
897,GO-20171770154,2017.09.29,2017,September,29,Friday,Shooting,Oakdale-Beverley Heights
898,GO-20171778161,2017.10.01,2017,October,1,Sunday,Shooting,South Riverdale
899,GO-20171778161,2017.10.01,2017,October,1,Sunday,Shooting,South Riverdale
900,GO-20171798506,2017.10.04,2017,October,4,Wednesday,Other,Rexdale-Kipling
901,GO-20171807017,2017.10.05,2017,October,5,Thursday,Shooting,Kingsview Village-The Westway
902,GO-20171821632,2017.10.07,2017,October,7,Saturday,Stabbing,Woodbine-Lumsden
903,GO-20171828016,2017.10.08,2017,October,8,Sunday,Shooting,Kingsview Village-The Westway
904,GO-20171856631,2017.10.13,2017,October,13,Friday,Other,Dovercourt Village
905,GO-20171864268,2017.10.14,2017,October,14,Saturday,Shooting,Humber Summit
906,GO-20171897265,2017.10.20,2017,October,20,Friday,Stabbing,Thorncliffe Park
907,GO-20171954551,2017.10.28,2017,October,28,Saturday,Stabbing,Victoria Village
908,GO-20172057548,2017.11.13,2017,November,13,Monday,Shooting,Regent Park
909,GO-20172060242,2017.11.14,2017,November,14,Tuesday,Stabbing,Weston
910,GO-20173043943,2017.11.21,2017,November,21,Tuesday,Shooting,Morningside Heights
911,GO-20173095559,2017.11.29,2017,November,29,Wednesday,Other,Church-Wellesley
912,GO-20173121720,2017.12.04,2017,December,4,Monday,Shooting,Scarborough Village
913,GO-20173140530,2017.12.06,2017,December,6,Wednesday,Other,Centennial Scarborough
914,GO-20173181653,2017.12.12,2017,December,12,Tuesday,Other,Malvern East
915,GO-20173201016,2017.12.15,2017,December,15,Friday,Other,St.Andrew-Windfields
916,GO-20173201016,2017.12.15,2017,December,15,Friday,Other,St.Andrew-Windfields
917,GO-20173205177,2017.12.16,2017,December,16,Saturday,Shooting,St Lawrence-East Bayfront-The Islands
918,GO-2018104863,2017.12.31,2017,December,31,Sunday,Other,Thorncliffe Park
919,GO-2018104863,2017.12.31,2017,December,31,Sunday,Other,Thorncliffe Park
920,GO-201817532,2018.01.03,2018,January,3,Wednesday,Other,Willowridge-Martingrove-Richview
921,GO-201854152,2018.01.09,2018,January,9,Tuesday,Shooting,Humber Heights-Westmount
922,GO-2018113424,2018.01.19,2018,January,19,Friday,Shooting,Eringate-Centennial-West Deane
923,GO-2018113424,2018.01.19,2018,January,19,Friday,Shooting,Eringate-Centennial-West Deane
924,GO-2018183793,2018.01.29,2018,January,29,Monday,Stabbing,Church-Wellesley
925,GO-2018249547,2018.02.08,2018,February,8,Thursday,Shooting,Bayview Village
926,GO-2018289167,2018.02.15,2018,February,15,Thursday,Shooting,Centennial Scarborough
927,GO-2018366454,2018.02.26,2018,February,26,Monday,Other,Casa Loma
928,GO-2018393677,2018.03.02,2018,March,2,Friday,Shooting,Black Creek
929,GO-2018413955,2018.03.06,2018,March,6,Tuesday,Stabbing,Fenside-Parkwoods
930,GO-2018444497,2018.03.10,2018,March,10,Saturday,Shooting,Mount Olive-Silverstone-Jamestown
931,GO-2018484039,2018.03.16,2018,March,16,Friday,Shooting,Humber Heights-Westmount
932,GO-2018489653,2018.03.17,2018,March,17,Saturday,Shooting,Yorkdale-Glen Park
933,GO-2018489653,2018.03.17,2018,March,17,Saturday,Shooting,Yorkdale-Glen Park
934,GO-2018619032,2018.04.06,2018,April,6,Friday,Shooting,Wexford/Maryvale
935,GO-2018661938,2018.04.08,2018,April,8,Sunday,Other,Wexford/Maryvale
936,GO-2018639035,2018.04.10,2018,April,10,Tuesday,Stabbing,Old East York
937,GO-2018711594,2018.04.21,2018,April,21,Saturday,Stabbing,Kennedy Park
938,GO-2018725711,2018.04.23,2018,April,23,Monday,Other,Avondale
939,GO-2018725711,2018.04.23,2018,April,23,Monday,Other,Avondale
940,GO-2018725711,2018.04.23,2018,April,23,Monday,Other,Avondale
941,GO-2018725711,2018.04.23,2018,April,23,Monday,Other,Avondale
942,GO-2018725711,2018.04.23,2018,April,23,Monday,Other,Avondale
943,GO-2018725711,2018.04.23,2018,April,23,Monday,Other,Avondale
944,GO-2018725711,2018.04.23,2018,April,23,Monday,Other,Avondale
945,GO-2018725711,2018.04.23,2018,April,23,Monday,Other,Avondale
946,GO-2018725711,2018.04.23,2018,April,23,Monday,Other,Avondale
947,GO-2018725711,2018.04.23,2018,April,23,Monday,Other,Avondale
948,GO-2018725711,2018.04.23,2018,April,23,Monday,Other,Avondale
949,GO-2018813479,2018.05.06,2018,May,6,Sunday,Stabbing,Birchcliffe-Cliffside
950,GO-2018821806,2018.05.07,2018,May,7,Monday,Shooting,Princess-Rosethorn
951,GO-2018907125,2018.05.20,2018,May,20,Sunday,Shooting,Morningside
952,GO-2018911506,2018.05.20,2018,May,20,Sunday,Shooting,Yonge-Bay Corridor
953,GO-2018929488,2018.05.23,2018,May,23,Wednesday,Stabbing,Annex
954,GO-2018945776,2018.05.25,2018,May,25,Friday,Stabbing,East End-Danforth
955,GO-2018946587,2018.05.25,2018,May,25,Friday,Other,Broadview North
956,GO-2018965463,2018.05.28,2018,May,28,Monday,Shooting,Annex
957,GO-2018958547,2018.05.28,2018,May,28,Monday,Shooting,Malvern West
958,GO-2018979942,2018.05.30,2018,May,30,Wednesday,Shooting,Downtown Yonge East
959,GO-20181021340,2018.06.05,2018,June,5,Tuesday,Shooting,New Toronto
960,GO-20181046556,2018.06.09,2018,June,9,Saturday,Stabbing,Little Portugal
961,GO-20181066328,2018.06.09,2018,June,9,Saturday,Other,West Queen West
962,GO-20181075301,2018.06.13,2018,June,13,Wednesday,Other,Roncesvalles
963,GO-20181091522,2018.06.16,2018,June,16,Saturday,Stabbing,Cliffcrest
964,GO-20181106259,2018.06.18,2018,June,18,Monday,Other,Rosedale-Moore Park
965,GO-20181142174,2018.06.23,2018,June,23,Saturday,Stabbing,Mount Olive-Silverstone-Jamestown
966,GO-20181146367,2018.06.24,2018,June,24,Sunday,Shooting,Englemount-Lawrence
967,GO-20181146418,2018.06.24,2018,June,24,Sunday,Shooting,Thistletown-Beaumond Heights
968,GO-20181146418,2018.06.24,2018,June,24,Sunday,Shooting,Thistletown-Beaumond Heights
969,GO-20181152121,2018.06.25,2018,June,25,Monday,Shooting,Moss Park
970,GO-20181191880,2018.06.30,2018,June,30,Saturday,Shooting,Kensington-Chinatown
971,GO-20181191880,2018.06.30,2018,June,30,Saturday,Shooting,Kensington-Chinatown
972,GO-20181198918,2018.07.01,2018,July,1,Sunday,Shooting,Kensington-Chinatown
973,GO-20181194072,2018.07.01,2018,July,1,Sunday,Stabbing,Greenwood-Coxwell
974,GO-20181221507,2018.07.05,2018,July,5,Thursday,Other,Clairlea-Birchmount
975,GO-20181240749,2018.07.08,2018,July,8,Sunday,Shooting,Black Creek
976,GO-20181245963,2018.07.09,2018,July,9,Monday,Shooting,Black Creek
977,GO-20181329654,2018.07.21,2018,July,21,Saturday,Stabbing,South Riverdale
978,GO-20181341286,2018.07.23,2018,July,23,Monday,Shooting,Playter Estates-Danforth
979,GO-20181341286,2018.07.23,2018,July,23,Monday,Shooting,Playter Estates-Danforth
980,GO-20181358001,2018.07.25,2018,July,25,Wednesday,Shooting,Humber Summit
981,GO-20181494077,2018.08.13,2018,August,13,Monday,Other,New Toronto
982,GO-20181508181,2018.08.15,2018,August,15,Wednesday,Shooting,Mount Olive-Silverstone-Jamestown
983,GO-20181526723,2018.08.18,2018,August,18,Saturday,Stabbing,Kingsview Village-The Westway
984,GO-20181527703,2018.08.18,2018,August,18,Saturday,Stabbing,Etobicoke City Centre
985,GO-20181527703,2018.08.18,2018,August,18,Saturday,Stabbing,Etobicoke City Centre
986,GO-20181528994,2018.08.19,2018,August,19,Sunday,Shooting,Moss Park
987,GO-20181548479,2018.08.22,2018,August,22,Wednesday,Shooting,Danforth
988,GO-20181549969,2018.08.22,2018,August,22,Wednesday,Shooting,Mount Dennis
989,GO-20181562384,2018.08.24,2018,August,24,Friday,Stabbing,Weston
990,GO-20181564549,2018.08.24,2018,August,24,Friday,Other,Malvern West
991,GO-20181599566,2018.08.29,2018,August,29,Wednesday,Other,Regent Park
992,GO-20181609974,2018.08.31,2018,August,31,Friday,Shooting,Clairlea-Birchmount
993,GO-20181622696,2018.09.02,2018,September,2,Sunday,Shooting,Malvern East
994,GO-20181626502,2018.09.02,2018,September,2,Sunday,Shooting,Fort York-Liberty Village
995,GO-20181665625,2018.09.08,2018,September,8,Saturday,Shooting,Weston-Pelham Park
996,GO-20181668023,2018.09.08,2018,September,8,Saturday,Other,Roncesvalles
997,GO-20181684842,2018.09.11,2018,September,11,Tuesday,Stabbing,Willowridge-Martingrove-Richview
998,GO-20181706301,2018.09.14,2018,September,14,Friday,Shooting,Eglinton East
999,GO-20181733104,2018.09.18,2018,September,18,Tuesday,Shooting,Agincourt South-Malvern West
1000,GO-20181739446,2018.09.19,2018,September,19,Wednesday,Stabbing,Newtonbrook East
1001,GO-20181772173,2018.09.24,2018,September,24,Monday,Shooting,Henry Farm
1002,GO-20181777456,2018.09.25,2018,September,25,Tuesday,Shooting,Regent Park
1003,GO-20181823974,2018.10.02,2018,October,2,Tuesday,Shooting,York University Heights
1004,GO-20181827810,2018.10.03,2018,October,3,Wednesday,Shooting,Tam O'Shanter-Sullivan
1005,GO-20181839683,2018.10.04,2018,October,4,Thursday,Other,South Riverdale
1006,GO-20181879521,2018.10.11,2018,October,11,Thursday,Shooting,Downsview
1007,GO-20181887731,2018.10.12,2018,October,12,Friday,Other,Downtown Yonge East
1008,GO-20181923388,2018.10.18,2018,October,18,Thursday,Other,Clairlea-Birchmount
1009,GO-20181939006,2018.10.20,2018,October,20,Saturday,Stabbing,Kennedy Park
1010,GO-20182096419,2018.11.14,2018,November,14,Wednesday,Shooting,Pelmo Park-Humberlea
1011,GO-20182113063,2018.11.16,2018,November,16,Friday,Other,Moss Park
1012,GO-20182124586,2018.11.18,2018,November,18,Sunday,Shooting,West Hill
1013,GO-20182242344,2018.12.06,2018,December,6,Thursday,Stabbing,Moss Park
1014,GO-20182280579,2018.12.12,2018,December,12,Wednesday,Shooting,Kingsview Village-The Westway
1015,GO-20182315055,2018.12.18,2018,December,18,Tuesday,Shooting,Black Creek
1016,GO-20182320758,2018.12.19,2018,December,19,Wednesday,Shooting,Wellington Place
1017,GO-20182339244,2018.12.21,2018,December,21,Friday,Shooting,Mount Olive-Silverstone-Jamestown
1018,GO-201930365,2019.01.06,2019,January,6,Sunday,Stabbing,Kennedy Park
1019,GO-201945560,2019.01.08,2019,January,8,Tuesday,Stabbing,Clairlea-Birchmount
1020,GO-201954928,2019.01.09,2019,January,9,Wednesday,Shooting,Rexdale-Kipling
1021,GO-201969065,2019.01.12,2019,January,12,Saturday,Shooting,Dorset Park
1022,GO-2019146683,2019.01.24,2019,January,24,Thursday,Stabbing,Rockcliffe-Smythe
1023,GO-2019244561,2019.02.08,2019,February,8,Friday,Shooting,Regent Park
1024,GO-2019258675,2019.02.10,2019,February,10,Sunday,Shooting,Humber Bay Shores
1025,GO-2019272774,2019.02.12,2019,February,12,Tuesday,Shooting,West Hill
1026,GO-2019281405,2019.02.13,2019,February,13,Wednesday,Shooting,Rexdale-Kipling
1027,GO-2019349242,2019.02.24,2019,February,24,Sunday,Shooting,Mount Olive-Silverstone-Jamestown
1028,GO-2019400418,2019.03.04,2019,March,4,Monday,Other,North Toronto
1029,GO-2019424256,2019.03.08,2019,March,8,Friday,Shooting,Yonge-Eglinton
1030,GO-2019449448,2019.03.11,2019,March,11,Monday,Shooting,Downsview
1031,GO-2019456465,2019.03.13,2019,March,13,Wednesday,Other,Weston-Pelham Park
1032,GO-2019494501,2019.03.18,2019,March,18,Monday,Other,Willowridge-Martingrove-Richview
1033,GO-2019499554,2019.03.19,2019,March,19,Tuesday,Shooting,Junction-Wallace Emerson
1034,GO-2019598298,2019.04.03,2019,April,3,Wednesday,Other,Tam O'Shanter-Sullivan
1035,GO-2019649220,2019.04.10,2019,April,10,Wednesday,Stabbing,Yonge-Bay Corridor
1036,GO-2019677551,2019.04.15,2019,April,15,Monday,Stabbing,Keelesdale-Eglinton West
1037,GO-2019716384,2019.04.21,2019,April,21,Sunday,Shooting,Oakwood Village
1038,GO-2019766762,2019.04.28,2019,April,28,Sunday,Other,Eringate-Centennial-West Deane
1039,GO-2019767371,2019.04.28,2019,April,28,Sunday,Shooting,Morningside
1040,GO-2019785029,2019.05.01,2019,May,1,Wednesday,Shooting,West Humber-Clairville
1041,GO-2019798063,2019.05.03,2019,May,3,Friday,Shooting,Humber Summit
1042,GO-2019819986,2019.05.05,2019,May,5,Sunday,Stabbing,Guildwood
1043,GO-2019928762,2019.05.21,2019,May,21,Tuesday,Other,Dovercourt Village
1044,GO-20191039892,2019.06.06,2019,June,6,Thursday,Other,Moss Park
1045,GO-20191052988,2019.06.08,2019,June,8,Saturday,Stabbing,Bay-Cloverhill
1046,GO-20191191914,2019.06.27,2019,June,27,Thursday,Stabbing,Fenside-Parkwoods
1047,GO-20191198026,2019.06.27,2019,June,27,Thursday,Shooting,West Hill
1048,GO-20191206091,2019.06.29,2019,June,29,Saturday,Shooting,Mount Dennis
1049,GO-20191206091,2019.06.29,2019,June,29,Saturday,Shooting,Mount Dennis
1050,GO-20191213308,2019.06.30,2019,June,30,Sunday,Shooting,Wellington Place
1051,GO-20191226977,2019.07.01,2019,July,1,Monday,Other,Moss Park
1052,GO-20191344279,2019.07.18,2019,July,18,Thursday,Other,Dovercourt Village
1053,GO-20191445359,2019.08.02,2019,August,2,Friday,Shooting,Rustic
1054,GO-20191492032,2019.08.07,2019,August,7,Wednesday,Stabbing,Wychwood
1055,GO-20191506357,2019.08.09,2019,August,9,Friday,Shooting,Victoria Village
1056,GO-20191558069,2019.08.16,2019,August,16,Friday,Shooting,Roncesvalles
1057,GO-20191581564,2019.08.19,2019,August,19,Monday,Shooting,Pelmo Park-Humberlea
1058,GO-20191595863,2019.08.21,2019,August,21,Wednesday,Shooting,Mount Dennis
1059,GO-20191619393,2019.08.25,2019,August,25,Sunday,Shooting,Humber Summit
1060,GO-20191683554,2019.09.03,2019,September,3,Tuesday,Other,Bendale-Glen Andrew
1061,GO-20191695351,2019.09.04,2019,September,4,Wednesday,Other,Oakdale-Beverley Heights
1062,GO-20191745744,2019.09.11,2019,September,11,Wednesday,Stabbing,Highland Creek
1063,GO-20191782132,2019.09.16,2019,September,16,Monday,Shooting,Yorkdale-Glen Park
1064,GO-20191806337,2019.09.19,2019,September,19,Thursday,Shooting,Milliken
1065,GO-20191828916,2019.09.22,2019,September,22,Sunday,Other,Dorset Park
1066,GO-20191840069,2019.09.24,2019,September,24,Tuesday,Shooting,Etobicoke West Mall
1067,GO-20191843578,2019.09.24,2019,September,24,Tuesday,Other,Church-Wellesley
1068,GO-20191878460,2019.09.29,2019,September,29,Sunday,Shooting,Mount Olive-Silverstone-Jamestown
1069,GO-20191894014,2019.10.01,2019,October,1,Tuesday,Shooting,Glenfield-Jane Heights
1070,GO-20191894014,2019.10.01,2019,October,1,Tuesday,Shooting,Glenfield-Jane Heights
1071,GO-20191901852,2019.10.02,2019,October,2,Wednesday,Stabbing,Yonge-Bay Corridor
1072,GO-20191930830,2019.10.07,2019,October,7,Monday,Other,Woodbine-Lumsden
1073,GO-20191981086,2019.10.14,2019,October,14,Monday,Shooting,Mount Olive-Silverstone-Jamestown
1074,GO-20192006688,2019.10.17,2019,October,17,Thursday,Shooting,Hillcrest Village
1075,GO-20192021028,2019.10.19,2019,October,19,Saturday,Shooting,High Park-Swansea
1076,GO-20192067798,2019.10.26,2019,October,26,Saturday,Other,South Eglinton-Davisville
1077,GO-20192106976,2019.10.31,2019,October,31,Thursday,Stabbing,Annex
1078,GO-20192131648,2019.11.04,2019,November,4,Monday,Shooting,Etobicoke City Centre
1079,GO-20192136178,2019.11.05,2019,November,5,Tuesday,Shooting,Taylor-Massey
1080,GO-20192150110,2019.11.07,2019,November,7,Thursday,Shooting,Weston
1081,GO-20192212187,2019.11.16,2019,November,16,Saturday,Shooting,Oakwood Village
1082,GO-20192263515,2019.11.23,2019,November,23,Saturday,Shooting,Eglinton East
1083,GO-20192361770,2019.12.07,2019,December,7,Saturday,Shooting,Humber Summit
1084,GO-20192378461,2019.12.10,2019,December,10,Tuesday,Stabbing,Wexford/Maryvale
1085,GO-20192390677,2019.12.11,2019,December,11,Wednesday,Other,West Humber-Clairville
1086,GO-20192385631,2019.12.11,2019,December,11,Wednesday,Other,Cliffcrest
1087,GO-20192390277,2019.12.11,2019,December,11,Wednesday,Shooting,Bayview Woods-Steeles
1088,GO-20192412908,2019.12.15,2019,December,15,Sunday,Shooting,Downsview
1089,GO-20192445475,2019.12.19,2019,December,19,Thursday,Stabbing,Tam O'Shanter-Sullivan
1090,GO-20192452711,2019.12.20,2019,December,20,Friday,Other,Weston
1091,GO-20192464487,2019.12.22,2019,December,22,Sunday,Other,University
1092,GO-20192465270,2019.12.22,2019,December,22,Sunday,Stabbing,Moss Park
1093,GO-20192470898,2019.12.23,2019,December,23,Monday,Stabbing,South Parkdale
1094,GO-20192490349,2019.12.27,2019,December,27,Friday,Shooting,Etobicoke West Mall
1095,GO-20192503671,2019.12.29,2019,December,29,Sunday,Shooting,Eglinton East
1096,GO-20192520736,2019.12.31,2019,December,31,Tuesday,Shooting,Malvern West
1097,GO-20205967,2020.01.01,2020,January,1,Wednesday,Shooting,Regent Park
1098,GO-202069552,2020.01.11,2020,January,11,Saturday,Shooting,Morningside
1099,GO-202082425,2020.01.13,2020,January,13,Monday,Stabbing,Tam O'Shanter-Sullivan
1100,GO-2020135493,2020.01.20,2020,January,20,Monday,Shooting,Golfdale-Cedarbrae-Woburn
1101,GO-2020136609,2020.01.20,2020,January,20,Monday,Other,Oakwood Village
1102,GO-2020174603,2020.01.25,2020,January,25,Saturday,Shooting,Scarborough Village
1103,GO-2020219180,2020.01.31,2020,January,31,Friday,Shooting,Harbourfront-CityPlace
1104,GO-2020219180,2020.01.31,2020,January,31,Friday,Shooting,Harbourfront-CityPlace
1105,GO-2020249293,2020.02.05,2020,February,5,Wednesday,Shooting,Danforth
1106,GO-2020271347,2020.02.07,2020,February,7,Friday,Shooting,Etobicoke West Mall
1107,GO-2020372105,2020.02.21,2020,February,21,Friday,Other,Agincourt South-Malvern West
1108,GO-2020390671,2020.02.24,2020,February,24,Monday,Stabbing,Downsview
1109,GO-2020530236,2020.03.11,2020,March,11,Wednesday,Other,Mount Dennis
1110,GO-2020524758,2020.03.13,2020,March,13,Friday,Shooting,Agincourt South-Malvern West
1111,GO-2020538385,2020.03.15,2020,March,15,Sunday,Stabbing,Oakwood Village
1112,GO-2020562795,2020.03.18,2020,March,18,Wednesday,Shooting,Clairlea-Birchmount
1113,GO-2020580138,2020.03.21,2020,March,21,Saturday,Shooting,Downtown Yonge East
1114,GO-2020648505,2020.04.05,2020,April,5,Sunday,Other,Woburn North
1115,GO-2020665733,2020.04.05,2020,April,5,Sunday,Other,L'Amoreaux West
1116,GO-2020668167,2020.04.05,2020,April,5,Sunday,Shooting,Thorncliffe Park
1117,GO-2020686647,2020.04.08,2020,April,8,Wednesday,Shooting,Wychwood
1118,GO-2020717283,2020.04.14,2020,April,14,Tuesday,Other,Bayview Village
1119,GO-2020762187,2020.04.21,2020,April,21,Tuesday,Other,Mimico-Queensway
1120,GO-2020790951,2020.04.26,2020,April,26,Sunday,Shooting,Glenfield-Jane Heights
1121,GO-2020828038,2020.05.02,2020,May,2,Saturday,Shooting,Wexford/Maryvale
1122,GO-2020893378,2020.05.14,2020,May,14,Thursday,Other,South Eglinton-Davisville
1123,GO-2020898005,2020.05.14,2020,May,14,Thursday,Shooting,Mount Olive-Silverstone-Jamestown
1124,GO-2020915335,2020.05.17,2020,May,17,Sunday,Shooting,L'Amoreaux West
1125,GO-2020909524,2020.05.19,2020,May,19,Tuesday,Other,Eglinton East
1126,GO-2020971451,2020.05.26,2020,May,26,Tuesday,Shooting,Wellington Place
1127,GO-2020993900,2020.05.30,2020,May,30,Saturday,Shooting,Mount Olive-Silverstone-Jamestown
1128,GO-20201063476,2020.06.09,2020,June,9,Tuesday,Shooting,Thorncliffe Park
1129,GO-20201127664,2020.06.19,2020,June,19,Friday,Shooting,Corso Italia-Davenport
1130,GO-20201173382,2020.06.25,2020,June,25,Thursday,Stabbing,Cabbagetown-South St.James Town
1131,GO-20201233592,2020.07.04,2020,July,4,Saturday,Shooting,L'Amoreaux West
1132,GO-20201267365,2020.07.09,2020,July,9,Thursday,Other,Moss Park
1133,GO-20201278229,2020.07.10,2020,July,10,Friday,Shooting,Bendale-Glen Andrew
1134,GO-20201281439,2020.07.10,2020,July,10,Friday,Shooting,Rockcliffe-Smythe
1135,GO-20201466110,2020.08.03,2020,August,3,Monday,Other,Danforth East York
1136,GO-20201486174,2020.08.09,2020,August,9,Sunday,Stabbing,Trinity-Bellwoods
1137,GO-20201505493,2020.08.11,2020,August,11,Tuesday,Stabbing,West Queen West
1138,GO-20201506702,2020.08.12,2020,August,12,Wednesday,Shooting,Eglinton East
1139,GO-20201568363,2020.08.20,2020,August,20,Thursday,Shooting,Avondale
1140,GO-20201583370,2020.08.22,2020,August,22,Saturday,Stabbing,West Hill
1141,GO-20201583370,2020.08.22,2020,August,22,Saturday,Stabbing,West Hill
1142,GO-20201607604,2020.08.26,2020,August,26,Wednesday,Stabbing,Moss Park
1143,GO-20201655784,2020.09.02,2020,September,2,Wednesday,Shooting,York University Heights
1144,GO-20201691332,2020.09.07,2020,September,7,Monday,Stabbing,West Humber-Clairville
1145,GO-20201713867,2020.09.10,2020,September,10,Thursday,Shooting,Rockcliffe-Smythe
1146,GO-20201730504,2020.09.12,2020,September,12,Saturday,Stabbing,West Humber-Clairville
1147,GO-20201728164,2020.09.12,2020,September,12,Saturday,Stabbing,Weston
1148,GO-20201728164,2020.09.12,2020,September,12,Saturday,Stabbing,Weston
1149,GO-20201786596,2020.09.20,2020,September,20,Sunday,Shooting,Malvern East
1150,GO-20201816857,2020.09.24,2020,September,24,Thursday,Shooting,Black Creek
1151,GO-20201838773,2020.09.27,2020,September,27,Sunday,Shooting,Black Creek
1152,GO-20201838399,2020.09.27,2020,September,27,Sunday,Shooting,Mount Olive-Silverstone-Jamestown
1153,GO-20201989086,2020.09.28,2020,September,28,Monday,Other,Don Valley Village
1154,GO-20201863629,2020.10.01,2020,October,1,Thursday,Shooting,Weston
1155,GO-20201876749,2020.10.03,2020,October,3,Saturday,Shooting,Downsview
1156,GO-20201908230,2020.10.07,2020,October,7,Wednesday,Shooting,Englemount-Lawrence
1157,GO-20202026517,2020.10.25,2020,October,25,Sunday,Shooting,Oakridge
1158,GO-20202114189,2020.11.07,2020,November,7,Saturday,Shooting,Black Creek
1159,GO-20202177333,2020.11.16,2020,November,16,Monday,Stabbing,West Rouge
1160,GO-20202188906,2020.11.18,2020,November,18,Wednesday,Stabbing,Dovercourt Village
1161,GO-20202213650,2020.11.22,2020,November,22,Sunday,Stabbing,Parkwoods-O'Connor Hills
1162,GO-20202271563,2020.12.02,2020,December,2,Wednesday,Shooting,Yorkdale-Glen Park
1163,GO-20202295266,2020.12.06,2020,December,6,Sunday,Other,Dufferin Grove
1164,GO-2020982844,2020.12.08,2020,December,8,Tuesday,Other,Kensington-Chinatown
1165,GO-20202279344,2020.12.08,2020,December,8,Tuesday,Stabbing,Woodbine Corridor
1166,GO-20202381546,2020.12.18,2020,December,18,Friday,Other,North Toronto
1167,GO-20202400901,2020.12.21,2020,December,21,Monday,Stabbing,Don Valley Village
1168,GO-202179788,2021.01.13,2021,January,13,Wednesday,Stabbing,Kennedy Park
1169,GO-2021105728,2021.01.17,2021,January,17,Sunday,Shooting,Humber Summit
1170,GO-2021133150,2021.01.21,2021,January,21,Thursday,Shooting,York University Heights
1171,GO-2021204256,2021.01.21,2021,January,21,Thursday,Other,Humber Heights-Westmount
1172,GO-2021185744,2021.01.29,2021,January,29,Friday,Shooting,Rosedale-Moore Park
1173,GO-2021198314,2021.01.31,2021,January,31,Sunday,Shooting,Rustic
1174,GO-2021238843,2021.02.06,2021,February,6,Saturday,Shooting,Malvern West
1175,GO-2021250265,2021.02.08,2021,February,8,Monday,Shooting,Wexford/Maryvale
1176,GO-2021251003,2021.02.08,2021,February,8,Monday,Shooting,Yorkdale-Glen Park
1177,GO-2021257693,2021.02.09,2021,February,9,Tuesday,Shooting,East End-Danforth
1178,GO-2021277195,2021.02.12,2021,February,12,Friday,Shooting,Willowridge-Martingrove-Richview
1179,GO-2021334695,2021.02.19,2021,February,19,Friday,Other,Cabbagetown-South St.James Town
1180,GO-2021363118,2021.02.26,2021,February,26,Friday,Other,Stonegate-Queensway
1181,GO-2021368408,2021.02.27,2021,February,27,Saturday,Stabbing,Keelesdale-Eglinton West
1182,GO-2021424868,2021.03.06,2021,March,6,Saturday,Other,Clairlea-Birchmount
1183,GO-2021437169,2021.03.09,2021,March,9,Tuesday,Stabbing,Brookhaven-Amesbury
1184,GO-2021511040,2021.03.19,2021,March,19,Friday,Other,Glenfield-Jane Heights
1185,GO-2021611765,2021.04.03,2021,April,3,Saturday,Shooting,Humber Heights-Westmount
1186,GO-2021614694,2021.04.04,2021,April,4,Sunday,Stabbing,Hillcrest Village
1187,GO-2021618567,2021.04.04,2021,April,4,Sunday,Stabbing,Broadview North
1188,GO-2021683552,2021.04.05,2021,April,5,Monday,Stabbing,O'Connor-Parkview
1189,GO-2021646518,2021.04.08,2021,April,8,Thursday,Stabbing,Dorset Park
1190,GO-2021700719,2021.04.16,2021,April,16,Friday,Shooting,Rustic
1191,GO-2021904598,2021.05.16,2021,May,16,Sunday,Shooting,Willowridge-Martingrove-Richview
1192,GO-2021951127,2021.05.22,2021,May,22,Saturday,Other,Milliken
1193,GO-2021961854,2021.05.24,2021,May,24,Monday,Other,South Riverdale
1194,GO-20211028789,2021.06.02,2021,June,2,Wednesday,Other,Palmerston-Little Italy
1195,GO-20211087369,2021.06.11,2021,June,11,Friday,Shooting,Golfdale-Cedarbrae-Woburn
1196,GO-20211107853,2021.06.13,2021,June,13,Sunday,Shooting,Eglinton East
1197,GO-20211112628,2021.06.13,2021,June,13,Sunday,Other,Eglinton East
1198,GO-20211107853,2021.06.13,2021,June,13,Sunday,Shooting,Eglinton East
1199,GO-20211108068,2021.06.14,2021,June,14,Monday,Shooting,Beechborough-Greenbrook
1200,GO-20211158175,2021.06.21,2021,June,21,Monday,Shooting,Beechborough-Greenbrook
1201,GO-20211233778,2021.07.01,2021,July,1,Thursday,Other,Clanton Park
1202,GO-20211236893,2021.07.02,2021,July,2,Friday,Shooting,Flemingdon Park
1203,GO-20211236780,2021.07.02,2021,July,2,Friday,Other,Yonge-Bay Corridor
1204,GO-20211248165,2021.07.03,2021,July,3,Saturday,Shooting,Dorset Park
1205,GO-20211263005,2021.07.05,2021,July,5,Monday,Shooting,York University Heights
1206,GO-20211292779,2021.07.10,2021,July,10,Saturday,Other,York University Heights
1207,GO-20211319545,2021.07.14,2021,July,14,Wednesday,Other,Pelmo Park-Humberlea
1208,GO-20211362894,2021.07.18,2021,July,18,Sunday,Other,Cliffcrest
1209,GO-20211359540,2021.07.19,2021,July,19,Monday,Other,South Riverdale
1210,GO-20211360309,2021.07.20,2021,July,20,Tuesday,Shooting,Kingsview Village-The Westway
1211,GO-20211370623,2021.07.21,2021,July,21,Wednesday,Stabbing,Briar Hill-Belgravia
1212,GO-20211382319,2021.07.23,2021,July,23,Friday,Stabbing,Brookhaven-Amesbury
1213,GO-20211417029,2021.07.28,2021,July,28,Wednesday,Stabbing,North Riverdale
1214,GO-20211484398,2021.08.06,2021,August,6,Friday,Other,East End-Danforth
1215,GO-20211494943,2021.08.08,2021,August,8,Sunday,Shooting,Kensington-Chinatown
1216,GO-20211494943,2021.08.08,2021,August,8,Sunday,Shooting,Kensington-Chinatown
1217,GO-20211543961,2021.08.14,2021,August,14,Saturday,Shooting,Brookhaven-Amesbury
1218,GO-20211538967,2021.08.14,2021,August,14,Saturday,Other,Morningside Heights
1219,GO-20211617066,2021.08.25,2021,August,25,Wednesday,Other,Keelesdale-Eglinton West
1220,GO-20211630428,2021.08.27,2021,August,27,Friday,Shooting,Long Branch
1221,GO-20211638087,2021.08.28,2021,August,28,Saturday,Shooting,Wellington Place
1222,GO-20211677261,2021.09.02,2021,September,2,Thursday,Stabbing,Moss Park
1223,GO-20211684171,2021.09.03,2021,September,3,Friday,Shooting,York University Heights
1224,GO-20211692780,2021.09.04,2021,September,4,Saturday,Other,Etobicoke City Centre
1225,GO-20211699665,2021.09.05,2021,September,5,Sunday,Other,Guildwood
1226,GO-20211699665,2021.09.05,2021,September,5,Sunday,Other,Guildwood
1227,GO-20211713828,2021.09.07,2021,September,7,Tuesday,Shooting,Glenfield-Jane Heights
1228,GO-20211788435,2021.09.17,2021,September,17,Friday,Shooting,Kennedy Park
1229,GO-20211794405,2021.09.18,2021,September,18,Saturday,Shooting,Regent Park
1230,GO-20211851845,2021.09.26,2021,September,26,Sunday,Shooting,Morningside Heights
1231,GO-20211874352,2021.09.29,2021,September,29,Wednesday,Stabbing,West Humber-Clairville
1232,GO-20211896862,2021.10.03,2021,October,3,Sunday,Stabbing,Woodbine Corridor
1233,GO-20211971401,2021.10.13,2021,October,13,Wednesday,Shooting,Malvern East
1234,GO-20211987049,2021.10.16,2021,October,16,Saturday,Shooting,York University Heights
1235,GO-20212022276,2021.10.21,2021,October,21,Thursday,Shooting,York University Heights
1236,GO-20212037136,2021.10.23,2021,October,23,Saturday,Shooting,Keelesdale-Eglinton West
1237,GO-20212036766,2021.10.23,2021,October,23,Saturday,Shooting,Glenfield-Jane Heights
1238,GO-20212040619,2021.10.23,2021,October,23,Saturday,Shooting,Pelmo Park-Humberlea
1239,GO-20212048858,2021.10.24,2021,October,24,Sunday,Shooting,Clairlea-Birchmount
1240,GO-20212071533,2021.10.28,2021,October,28,Thursday,Shooting,Malvern West
1241,GO-20212079091,2021.10.29,2021,October,29,Friday,Shooting,Dorset Park
1242,GO-20212091136,2021.10.30,2021,October,30,Saturday,Other,Glenfield-Jane Heights
1243,GO-20212177949,2021.11.12,2021,November,12,Friday,Other,Highland Creek
1244,GO-20212209204,2021.11.16,2021,November,16,Tuesday,Stabbing,Fenside-Parkwoods
1245,GO-20212211875,2021.11.16,2021,November,16,Tuesday,Shooting,Golfdale-Cedarbrae-Woburn
1246,GO-20212277790,2021.11.26,2021,November,26,Friday,Shooting,West Rouge
1247,GO-20212373251,2021.12.09,2021,December,9,Thursday,Stabbing,South Eglinton-Davisville
1248,GO-20212397941,2021.12.13,2021,December,13,Monday,Shooting,Agincourt South-Malvern West
1249,GO-20212471927,2021.12.23,2021,December,23,Thursday,Shooting,Glenfield-Jane Heights
1250,GO-20212477849,2021.12.24,2021,December,24,Friday,Shooting,Englemount-Lawrence
1251,GO-20212487697,2021.12.26,2021,December,26,Sunday,Shooting,Rockcliffe-Smythe
1252,GO-20212516090,2021.12.31,2021,December,31,Friday,Stabbing,Mount Dennis
1253,GO-20229964,2022.01.02,2022,January,2,Sunday,Shooting,Pelmo Park-Humberlea
1254,GO-202216903,2022.01.03,2022,January,3,Monday,Shooting,Alderwood
1255,GO-202216903,2022.01.03,2022,January,3,Monday,Shooting,Alderwood
1256,GO-202216630,2022.01.03,2022,January,3,Monday,Stabbing,Palmerston-Little Italy
1257,GO-202217098,2022.01.03,2022,January,3,Monday,Shooting,Humber Bay Shores
1258,GO-202250758,2022.01.08,2022,January,8,Saturday,Shooting,Church-Wellesley
1259,GO-2022110972,2022.01.18,2022,January,18,Tuesday,Shooting,Elms-Old Rexdale
1260,GO-2022124347,2022.01.19,2022,January,19,Wednesday,Shooting,Broadview North
1261,GO-2022139163,2022.01.22,2022,January,22,Saturday,Shooting,Brookhaven-Amesbury
1262,GO-2022151149,2022.01.23,2022,January,23,Sunday,Shooting,Yonge-Eglinton
1263,GO-2022267789,2022.02.09,2022,February,9,Wednesday,Other,Glenfield-Jane Heights
1264,GO-2022294326,2022.02.14,2022,February,14,Monday,Shooting,Bendale-Glen Andrew
1265,GO-2022314804,2022.02.17,2022,February,17,Thursday,Shooting,Newtonbrook West
1266,GO-2022324234,2022.02.19,2022,February,19,Saturday,Shooting,Brookhaven-Amesbury
1267,GO-2022385565,2022.02.28,2022,February,28,Monday,Shooting,West Hill
1268,GO-2022458878,2022.03.11,2022,March,11,Friday,Other,Runnymede-Bloor West Village
1269,GO-2022499009,2022.03.17,2022,March,17,Thursday,Other,Woburn North
1270,GO-2022576248,2022.03.28,2022,March,28,Monday,Stabbing,South Riverdale
1271,GO-2022613599,2022.04.02,2022,April,2,Saturday,Stabbing,Moss Park
1272,GO-2022646404,2022.04.07,2022,April,7,Thursday,Shooting,North St.James Town
1273,GO-2022661027,2022.04.09,2022,April,9,Saturday,Shooting,Moss Park
1274,GO-2022689316,2022.04.15,2022,April,15,Friday,Stabbing,St Lawrence-East Bayfront-The Islands
1275,GO-2022792257,2022.04.28,2022,April,28,Thursday,Shooting,High Park-Swansea
1276,GO-2022804180,2022.04.30,2022,April,30,Saturday,Shooting,Mount Olive-Silverstone-Jamestown
1277,GO-2022849364,2022.05.07,2022,May,7,Saturday,Shooting,Malvern East
1278,GO-2022868493,2022.05.09,2022,May,9,Monday,Shooting,Oakdale-Beverley Heights
1279,GO-2022964428,2022.05.22,2022,May,22,Sunday,Other,Kensington-Chinatown
1280,GO-20221060544,2022.06.05,2022,June,5,Sunday,Shooting,Briar Hill-Belgravia
1281,GO-20221087191,2022.06.08,2022,June,8,Wednesday,Shooting,Golfdale-Cedarbrae-Woburn
1282,GO-20221138477,2022.06.15,2022,June,15,Wednesday,Shooting,Lansing-Westgate
1283,GO-20221150299,2022.06.17,2022,June,17,Friday,Other,L'Amoreaux West
1284,GO-20221149694,2022.06.17,2022,June,17,Friday,Other,Etobicoke City Centre
1285,GO-20221153656,2022.06.18,2022,June,18,Saturday,Shooting,Humber Heights-Westmount
1286,GO-20221164624,2022.06.19,2022,June,19,Sunday,Shooting,Yorkdale-Glen Park
1287,GO-20221294476,2022.07.07,2022,July,7,Thursday,Shooting,Woodbine Corridor
1288,GO-20221295738,2022.07.08,2022,July,8,Friday,Stabbing,York University Heights
1289,GO-20221324110,2022.07.11,2022,July,11,Monday,Other,Bendale-Glen Andrew
1290,GO-20221360743,2022.07.16,2022,July,16,Saturday,Shooting,St Lawrence-East Bayfront-The Islands
1291,GO-20221362949,2022.07.17,2022,July,17,Sunday,Shooting,Wellington Place
1292,GO-20221443372,2022.07.28,2022,July,28,Thursday,Other,Clairlea-Birchmount
1293,GO-20221527751,2022.08.09,2022,August,9,Tuesday,Shooting,Weston
1294,GO-20221594291,2022.08.18,2022,August,18,Thursday,Shooting,Oakdale-Beverley Heights
1295,GO-20221608092,2022.08.20,2022,August,20,Saturday,Stabbing,Birchcliffe-Cliffside
1296,GO-20221652609,2022.08.26,2022,August,26,Friday,Stabbing,Lansing-Westgate
1297,GO-20221652609,2022.08.26,2022,August,26,Friday,Stabbing,Lansing-Westgate
1298,GO-20221757893,2022.09.10,2022,September,10,Saturday,Shooting,York University Heights
1299,GO-20221760173,2022.09.10,2022,September,10,Saturday,Stabbing,Avondale
1300,GO-20221800162,2022.09.15,2022,September,15,Thursday,Shooting,Humber Bay Shores
1301,GO-20221835644,2022.09.20,2022,September,20,Tuesday,Stabbing,Black Creek
1302,GO-20221836380,2022.09.21,2022,September,21,Wednesday,Stabbing,Rexdale-Kipling
1303,GO-20221839939,2022.09.21,2022,September,21,Wednesday,Shooting,Eglinton East
1304,GO-20221836380,2022.09.21,2022,September,21,Wednesday,Stabbing,Rexdale-Kipling
1305,GO-20221864755,2022.09.25,2022,September,25,Sunday,Other,Alderwood
1306,GO-20221934921,2022.10.04,2022,October,4,Tuesday,Stabbing,Moss Park
1307,GO-20221946068,2022.10.06,2022,October,6,Thursday,Shooting,Glenfield-Jane Heights
1308,GO-20221963156,2022.10.08,2022,October,8,Saturday,Shooting,Weston
1309,GO-20221968025,2022.10.09,2022,October,9,Sunday,Shooting,York University Heights
1310,GO-20222052791,2022.10.22,2022,October,22,Saturday,Shooting,Wellington Place
1311,GO-20222099784,2022.10.28,2022,October,28,Friday,Shooting,Blake-Jones
1312,GO-20222120467,2022.10.31,2022,October,31,Monday,Shooting,Woburn North
1313,GO-20222165958,2022.11.06,2022,November,6,Sunday,Stabbing,Glenfield-Jane Heights
1314,GO-20222209711,2022.11.12,2022,November,12,Saturday,Shooting,Milliken
1315,GO-20222229664,2022.11.15,2022,November,15,Tuesday,Shooting,South Parkdale
1316,GO-20222265498,2022.11.20,2022,November,20,Sunday,Shooting,West Humber-Clairville
1317,GO-20222377717,2022.12.06,2022,December,6,Tuesday,Stabbing,Greenwood-Coxwell
1318,GO-20222396611,2022.12.08,2022,December,8,Thursday,Stabbing,High Park North
1319,GO-20222413771,2022.12.10,2022,December,10,Saturday,Shooting,Taylor-Massey
1320,GO-20222452652,2022.12.16,2022,December,16,Friday,Shooting,Morningside
1321,GO-20222467066,2022.12.18,2022,December,18,Sunday,Stabbing,Yonge-Bay Corridor
1322,GO-20222554708,2022.12.30,2022,December,30,Friday,Shooting,Tam O'Shanter-Sullivan
